user_id,name,email,password_hash,role,phone,created_at
1,Allison Hill,donaldgarcia@example.net,b23f41afa5f47b191d275cc24f063272e9a95f5b36225f9c2de2821b6b27,doctor,296-500-1338,2026-04-19 23:58:14
2,Meredith Barnes,zlawrence@example.org,f3293232dc4f6f82f27fcb1f5bdf4517cd40e79a4f79ddd795c7d117d365,doctor,(865)342-3511,2024-08-10 22:06:16
3,Gregory Baker,blairamanda@example.com,dade36530361f4ad27fba74d3e488429a57d7e40badd4325d8cc74935ac7,doctor,695-993-1034x1316,2026-05-17 09:18:06
4,Holly Wood,elizabethmiles@example.net,c98381af2a884f492044933d35c68bbe5d99308e6c9507792045b6492a4b,doctor,+1-528-232-7648x350,2025-05-02 01:32:52
5,Jennifer Jones,jason76@example.net,abb346954e29a8141c8cb94eddfb8190b61b3051dfa0b4ec95d5e29d93e1,doctor,423-988-4969x653,2024-11-10 10:23:16
6,Anthony Rodriguez,laurahenderson@example.org,313a04b1cc2b406e78382acce3ee4cfe836e2704d1e15d3b7efe32671d2a,doctor,+1-878-448-0184x514,2025-08-01 17:24:07
7,Troy Liu,teresa28@example.org,42378b182b047f5e843072aa4141a3b1eff586c0285523cf355b223a0d73,doctor,289-332-5288x0957,2024-10-13 14:47:26
8,Sherry Decker,john39@example.org,0dd2b3752d462dc54fd19c5d455f191db04c757a7abf0401213f49600ec0,doctor,518.622.7824x8963,2026-03-16 16:51:04
9,Michael Brooks,omartinez@example.org,e901ca7cf8dd3bd6503db5a64cc84076fdf0c33906ccbf83bfaa5874e493,doctor,001-383-293-0103,2025-06-24 12:07:08
10,Andrea Young,ilewis@example.net,6960e3035eb7b446c77ab58e3b2d14ff5630e87670745de3f6d9f3314c8b,doctor,001-897-737-6311,2025-12-04 17:14:40
11,John Daniel,brownjessica@example.org,4df9b6266933c21e25141c62a83d54bc34c4aea60605d049b35b5fce0a94,doctor,387.926.2473,2025-02-19 06:55:33
12,Savannah Garcia,novaksara@example.org,71e64c6503e563c7d53a59b980b547608d7a242277588d5eb5682d3a6f42,doctor,973.460.2606x4746,2025-06-11 01:01:46
13,Daniel Brown,adkinsbrian@example.net,bf46084063b1b8356f006ef9911c394788462ca434028f9a9d172cb0ecf9,doctor,220.381.2191x36193,2025-02-03 15:42:54
14,Kevin Mills,james53@example.com,0afd14090d9ef25a1af54f274a2cb462e15f85a0553176bcb1df126ad60d,doctor,+1-647-451-0799x1183,2024-11-24 06:55:54
15,Shirley Suarez,justin78@example.net,b979416610a7d56daa2c8303ef1432e7fc4fa2288a1aeda8b7443546ec87,doctor,+1-680-584-1241x1824,2025-05-26 19:47:13
16,Christina Walters,william40@example.org,5a5e574fbc468859f514c0b11e48984e3ed44aebdf9b6629dca4e18e6508,doctor,300-352-4278x680,2025-05-15 11:21:43
17,Melissa Hernandez,davenportbrandi@example.org,f2d57e6236259ccd916a01e3dfae518a1d0c0c965987fd454a6a63796b18,doctor,8454053315,2024-07-28 06:07:38
18,Cynthia Martin,nicolejohnson@example.net,0e7d8d07934aa81d27c83288e1d4cc53a635b1e19eef65aa7a58e861567a,doctor,(534)221-6073x37543,2026-05-04 01:17:27
19,Jennifer Ramirez,rasmussenjoshua@example.net,39f2874822232c486ee6180c7b514482ceddd4937214d01124a6be026be7,doctor,+1-785-801-4294x0196,2025-04-25 04:13:07
20,Kayla Cruz,jonathanfletcher@example.org,d1318b78a0eb2dde5d36ba03b70b60403e1500940de97052635cd146139e,doctor,+1-635-661-5951,2026-01-20 15:03:54
21,Erika Terry,jamesortega@example.com,f95c35f91be92b376ff4f49c9684d99b3e0fc8cd6a8026ffcd6e10270160,doctor,(599)846-8044,2026-03-16 02:53:49
22,Lisa Morris,nramos@example.net,36332455688701f7ae84f8587440366dfdcbd5802dc58c2d676884b99b39,doctor,001-221-248-9513x433,2025-02-12 00:22:07
23,John Atkinson,gibsonolivia@example.net,f62d5119c23a5cf337c6fbf31ac1870c582eac7e8ee4d111725014494525,doctor,001-967-263-2016x328,2025-03-15 14:10:07
24,Sylvia Martinez,lauriecontreras@example.net,959116a2fe59f975e341773f6b726610ef4d72536f100820215de367fc79,doctor,001-979-586-8727x743,2025-07-02 03:14:32
25,Billy Mitchell,matthew81@example.org,3e50e9fbc7780267414df01952fbfd3fa9ca99b94b418efbb81f128d1f24,doctor,(823)216-6587x6036,2024-10-25 20:38:02
26,Pamela James,benderkenneth@example.com,27071083ce628b0a4eb97e95ad6ade77eff8555663609cdda3d9bda3bb45,doctor,(488)993-7346x70656,2024-08-31 19:37:02
27,Veronica Ferguson,qvargas@example.org,aa975724f7d19f000a96b1c2ef36977cb0afde12ed971c67c077d10514d1,doctor,(827)620-4653x75564,2024-11-23 17:07:31
28,Julie Curry,cookemichael@example.net,bbd040dbc8e78e1a528b33a457214520aafb34bf5a0e8021c4c94e5c15cf,doctor,+1-500-933-0923x2719,2026-03-31 01:01:28
29,Pamela Jackson,stricklandfrank@example.com,5c5c2eee1a6c015bb2fecbde2615fd56edcf6ec560e7296e2311e6c335c4,doctor,3496663193,2025-07-14 06:34:58
30,Lindsay Martinez,reedross@example.com,11d1af5888a8fe583ed8f39b58e3b84f7fb81e67576e0758961cbba640fb,doctor,+1-650-967-1657x2628,2025-03-18 06:07:17
31,Roger Vargas,melissa14@example.com,20385f34ff95450e74ed50fe80eb6a494b234b8d286f3f21aa4d74b2ed67,doctor,699.765.0752x735,2024-09-05 13:22:24
32,Kyle Beard,blackjames@example.org,b48b5d6e5b4c8246076b89a2fc270924a14b4a2f2cdd8f9b3902abe4f3dd,doctor,783.977.7014x3634,2025-01-13 04:23:30
33,Hailey Barajas,michael74@example.com,054677656adb5c9edc0a9ae76d53487baa1db76531b6befab82fd0150af6,doctor,635-618-2337,2025-02-18 16:30:56
34,Dr. Elizabeth Ward,alexis82@example.com,7b3643054ba803a56c0b0f5ca25db9192d884965688e4ff5de04960eede9,doctor,9849271094,2026-01-15 23:25:00
35,Cody Williams,ewilson@example.com,6047ce43e068361f56e47f581a241c18ef6756e7924fe3e8e6bb2404a0f6,doctor,001-802-529-4131,2025-05-16 22:50:56
36,Jamie Kerr,michelle64@example.net,41de51c5b86a6730212d945672ef9ea99e5422b820d635156036f5e759e6,doctor,+1-213-834-1232x812,2025-09-07 09:35:31
37,Kirk Carter,keithcampbell@example.com,8963f8850babc477ce0709e0b58e804013a0b8ce6c938468a86504701982,doctor,649.436.1832,2025-09-29 11:43:06
38,Christopher Parker,scott74@example.net,9e4ff3fc208ccd4d5f2e0ebbc793c30091e70a8a33d2230485774d3ed125,doctor,288-377-1906x594,2024-11-21 04:41:18
39,Michael Valencia,keyemily@example.com,9dd3280b611db909c18864d7f3eca1191f7c1fa34a762e7e38e94b80d64c,doctor,001-727-787-4296x717,2026-01-07 09:03:30
40,Shannon Rivera,zroberts@example.net,20e630efc973a0216b46e6a5e05c1f3bd012e8051727a8bfbb1233526243,doctor,954-851-6808,2026-04-23 05:38:50
41,Joseph Dean,wgarrett@example.org,bea6430ca9baf89ac56081cf8779d2a5bba3d31c7c03301ed2badcf956fb,doctor,+1-424-677-1093,2025-08-28 23:11:59
42,Kristen Davis,murraydavid@example.org,9a8d1d32aca7bf755f41e0de9e982c71e1d5e15f0fc6c179ca8ceaf8600d,doctor,001-548-446-7737x826,2025-05-10 14:13:19
43,Desiree Tyler,ymorgan@example.net,7bb4d8cc29c1751e22a053f27dc288684756c9cce4ea3c5d0eb84ee658fd,doctor,9447997278,2024-09-17 02:45:34
44,Phillip Bennett,molly39@example.com,aec6b9bc61ef84998e4f3170fde32019dd11ba867a5d7eee306040c8fc02,doctor,001-360-957-6627x028,2025-12-18 22:26:04
45,Thomas Smith,robertpena@example.org,e3010a9986244b72ccdc069cb61779384e31cdb1108cbddf32389aaa18db,doctor,359-561-5865x780,2024-09-17 20:51:11
46,Tammie Bright,hamiltoncorey@example.net,7b1029a904c85c1e1aca735662166f9e8be8e75ce6eaa22a6ef22fac2c9c,doctor,772-740-0504,2025-10-25 09:30:14
47,David Jenkins,georgemiller@example.com,6ac7def018cc08d8df350a3427cd110c664ce284ea04868b93751cd83c33,doctor,279.923.7474,2025-05-08 22:15:48
48,Megan Moore,llandry@example.com,b6239703bc179fbaa153202d308fbac6cd722560434c6f6a72a988451f44,doctor,(647)243-6713x69594,2026-03-17 23:55:59
49,Mary Hill,lozanojulie@example.com,48f3852466da26e8abf9edfd934af2971af2aa9cd403398e533693a96c5c,doctor,295.633.9421,2025-06-17 05:48:50
50,Amanda Diaz,christopherphillips@example.net,35b4c6ec5b7045ec6c4f9ce1993f15cfd83029f96d76fc332907e87f0567,doctor,928.658.8424,2025-08-29 01:12:58
51,Gina Wilson,taylortammy@example.net,3f933eb901c522d9aae1cf1787c70a615287f925fd9b67456124c9f7d37d,patient,(885)716-0481x7549,2024-06-29 03:02:28
52,David Johnson,rose31@example.net,01f5165c3d76eab4ae56bb0f656b28c5cd6828f6c1dca1472c70e8ebb0ec,patient,001-446-812-0047x113,2024-06-10 22:21:48
53,Michael Paul,umatthews@example.org,99ac1807797f997fc9517e8eb3c340695ed15f63c384800ea761d1e3a8ba,patient,+1-317-796-4053x7735,2026-01-25 17:11:32
54,Vanessa Howard,hhill@example.com,1e00e675c0165d5d2cc4699f6c90a05ad2f0e631690d75ac2a44865fa4de,patient,390.505.3293,2026-04-07 15:52:29
55,Robin Hall,kristinacarlson@example.com,d9b3ddd21383aca3232056d44365c67bd06e027a2ebb8cfcebcc39c70c6e,patient,(728)542-1020,2025-09-17 08:09:08
56,Alexis Baker,judyfox@example.net,29ed5f93a6c941dc1c85b29ce29ca8cc34197a34f2199c29e84dea222b2f,patient,958.291.7839x084,2025-11-26 13:19:49
57,John Morales,henryrenee@example.org,b65201101b12b2a8f765102e107619750211cb5e022be8ae3e8cd969dd8e,patient,992-812-4998x56984,2025-03-14 11:12:22
58,Michael Farrell,russellbeasley@example.com,ae2a78a829c5babe54063480ef99e4dc87a1344aa810232150475b33ea15,patient,366.315.6545x271,2026-01-22 16:23:25
59,Brent Rodgers,angelawillis@example.net,c59d560e6b5158d1ebb356737874cceec240d93b043801de8bd15d24fac6,patient,+1-416-956-0494x5198,2024-11-02 06:44:27
60,Brian Bruce,danny49@example.org,1590b9f9a7b53359adb29bb0fe3af1625508f506b2e46149d0606128db1b,patient,+1-699-680-9402,2025-10-15 19:04:17
61,Heather White,ashleymorales@example.org,23caabe90a4fd766a68c1dcbe304799aa7988fb59a9ffab8de31f02a707f,patient,7186366752,2024-05-23 21:38:52
62,Paula Bradley,wareeric@example.net,1f9b64ee812c5e7f7b743a42f09e637205c63dba8e839229bc49a6a7ec5e,patient,547-367-9764,2025-05-21 15:36:04
63,Brian Gregory,trose@example.org,45491eedc3c31a3c8f33b0c22c76778c30f4993bf393d18b7e5d8621fd7f,patient,+1-900-834-3244x510,2025-02-13 20:07:23
64,James Padilla,charles06@example.org,e313b19ece68ac797c0e11b93cc1adfd4a8f1c7a1d65080fdeb1d3eda2b7,patient,859-269-6641,2025-08-11 12:54:50
65,Carolyn Meza,xcollier@example.org,57a30b64dd8b4bb332e4e0dcee680f5ee9d87e7066014cdbfc23d8c860de,patient,736-596-8164,2025-09-16 06:32:31
66,Christopher Dixon,schmidtjames@example.com,770b7b0802d06b902d3449fd7cd3b7bfa4758f2af7ccfb128fabe928ab44,patient,+1-923-912-4329x2127,2025-08-10 13:50:41
67,Sonia Day,michelle52@example.com,1299eab23b8886e63743d725300ca67a6d03a7ea50f6b91634aa7d836a8f,patient,244.790.5814x770,2025-05-05 04:38:23
68,Angela Lin,gilbertwilliam@example.com,d4ca9c2b6877d665d122e95a920b10352a2dd0d4cf9b91a0c5c73e86a40a,patient,001-707-393-5978x207,2025-05-08 14:09:54
69,Carrie Wright,hritter@example.net,8f837866e5239363467c1229a4026b55342df5de5350547d6a3a8892f2db,patient,(854)666-5905x151,2024-05-22 01:18:32
70,Samuel Brandt,mathewaguilar@example.org,5284192589e3ce6f9933272ef06f4763a6eafaa0d2d8e22a16c6daaa12a2,patient,762-291-4865x2816,2025-06-24 04:28:47
71,Christopher Lewis,ilee@example.org,d6ff912da53c20b76fabff023e448c6728ffdb95c8bd560b01462fba93f6,patient,888-480-5929,2024-05-25 21:08:57
72,Ronald Wise,jenniferwilliams@example.com,c0cfc2c74374fb9696744c67c80927b373889423af17f59104d322f2080a,patient,979.547.3834,2025-06-07 22:49:41
73,Travis Joyce,xhammond@example.com,221356491746203cb305d390ea47dccaab3b304f1a76b9d860655b3ba1a9,patient,(323)492-4075x81814,2024-12-03 21:58:48
74,Taylor Hernandez,odavis@example.com,39facb0dfeed7d9df7e5fd124132f314857f2163a1a46ed7663566599ae6,patient,7605685361,2026-05-01 05:59:09
75,Timothy Combs,lacey20@example.com,ac8ddf58dbff592b2d044affad878f20f7ffecdeab9f2d1ed57b6db5680e,patient,827.379.0104x3289,2024-05-29 17:55:08
76,Cynthia Martinez,robertbauer@example.com,4b67e6a1965d3843c87f7a686dccf8b7101172c83b53d035f893b232283d,patient,598.808.9324x6095,2026-01-01 05:11:08
77,Michael Mills,carlos88@example.net,f9e66890c81954f5e9c9361bc67be0a1ab9d971962867d5a60b3e0d817fd,patient,380.767.0654x05153,2025-09-21 14:08:23
78,Harold Morgan,mariacohen@example.net,5ff4cb37bd43250b0a12bffad095bcd81b0d973c53d751a7e9aadf88a3d5,patient,(221)770-4303,2025-12-27 02:38:58
79,Kaylee Hays,wking@example.net,66010b420021e49e669ac1428b0deaa6bf60bb4e114b3512782ed8ae85df,patient,(905)941-5667x652,2026-03-12 19:00:14
80,Robert Adams,acostachristian@example.net,3128be9eaf2dd92a9fb046caa3ed8906df543a66ef95542bc865e3478cda,patient,(984)851-1544,2024-08-03 09:32:05
81,Jeremy West,christina64@example.net,d51df04f54f45668943c156956e565ef6bc48355e7d9f9aef650c08a7251,patient,9162582029,2024-07-26 13:54:15
82,David Brewer,patrick90@example.net,262a8d676591ad3f0f9acc88b89aee0e4a0ba68d0fd2dae3cb048a5d60c7,patient,555.371.9285x654,2024-09-02 23:46:09
83,Cody Holmes,greenjorge@example.com,d36047767fa78a80cb8efaeaa7785e428becde4237ae4657995c6320da23,patient,+1-747-331-2172x715,2024-10-04 10:13:35
84,Donna Evans,jenniferho@example.net,b8df4195dff3bdc10eab4ad2e9c46afe06e98c6bcade7f0ac570f554b5cb,patient,(783)913-2370x589,2025-06-05 18:54:21
85,Kristen Salazar,jonesraymond@example.net,bf37c5102fbb3a0d36b569fc132066ca16f56938e3888328b9f1436b4aef,patient,466.491.2517x78528,2026-01-02 17:15:03
86,Thomas Brown,holmeskevin@example.org,b65d93e1923526e21b5dd0b7e5528bd9fd242ec3ad0c35400090daa606f5,patient,001-335-484-1438x424,2024-11-28 11:58:02
87,Lauren Jackson,megan90@example.org,9e48a8ed6cf11845ca86837889c5b9026347cc59dfaf642e285d46964723,patient,+1-594-839-6907x8447,2025-03-03 03:32:34
88,Benjamin Brown,dperry@example.org,74add56d09830496718783bc1096108b0662fa85fe1d5b0cda6495c91eec,patient,(355)756-2588,2025-02-13 17:30:32
89,Bryan Cole,colinroberts@example.com,4382e8b136689e679a077791bfc220a5ea57e8323eed87ecb7ff36658968,patient,(232)359-5327x87747,2025-03-09 19:37:19
90,Kathy Levy,brandywilliams@example.com,7020f6112265a49487549247760535f06567b75255da9eea0366cc4b56e3,patient,+1-874-280-1624x5650,2025-07-03 22:40:32
91,Chloe Tran,hughesshannon@example.net,b396261a4377f7815d32b7d9f70d11e0b589bc885f1ee5aa59adcac8cc9a,patient,+1-891-221-6558x523,2026-05-10 13:34:34
92,Chad Cook,jstone@example.net,b4bd50cf30e765a589f1918ab2d92fc1a969b6dc797b81018bbcddba9931,patient,(759)952-6949,2024-10-29 04:59:00
93,Elizabeth Cabrera,mark16@example.net,a78c2be635f066b7e5f57f051f138a488cb6b91df863c013bf04bc98d143,patient,001-809-474-9930x972,2025-09-28 21:36:21
94,Dana Armstrong,leescott@example.com,ba25695fa18f0ee95007788ff86a4ecb0f47ceead2c92db4449fc1cd9395,patient,001-936-889-7028x385,2026-01-26 13:41:57
95,Christopher Barr,amy49@example.com,846e2665ec26e296cae6e8961dd5caf335dc7f80324d5c13198522428105,patient,748.943.4437,2025-09-06 18:18:01
96,Timothy Pope,keith98@example.com,fb0fecc30d6d8a4487a8e21c0527ed1c7f0b8d57d1c0c51d0bf9b1664bbc,patient,(652)640-4157x4733,2026-02-03 03:11:07
97,Luis Matthews,brentstein@example.org,e0c6b4ae22068302e075affda52e0b79824389633272fd4710d924ddb11b,patient,4168571208,2025-11-23 02:00:12
98,Shirley Alvarez,katelynmitchell@example.com,9d5f74c2570008a8b441bbf39566dfab66e086f7cf56a9fa62b5ad9e990c,patient,001-219-238-0262x067,2024-07-24 12:34:53
99,Lance Hebert,justin88@example.com,b5333e3c89a25e5fe26001aca666ae2bfe3a0a185f7b97307fb2d2dc236e,patient,(687)443-1527,2025-02-18 06:25:18
100,George Phillips,gregorychase@example.com,93c77751641006f93840493eb389ac8f90c0f32df53e6d21798c298700ef,patient,951.661.2275x30463,2025-06-24 23:01:33
101,Elizabeth Sharp,greenmichael@example.org,861aae33d57d8d827473a03eb97468cbe87a42a4291bfa74f16b721f6c4c,patient,774-526-8414,2024-06-27 05:09:34
102,Casey Hernandez,robert87@example.net,f7a6b6df3b8c2e3cb4e77cea718b44a48b04b586023019c57744f537b317,patient,339.218.7851,2024-05-24 03:03:35
103,Stephanie Harris,franklinbond@example.com,28a802b45d92680105fb5d74d691199b7c114ef6776f356cdcd3b4bfa4d9,patient,897.918.7072,2024-09-19 09:58:56
104,Kristin Chambers,jennifer64@example.org,d9f0407029a484af1996de03e5cbe046265e793b7dac174a6255a2491384,patient,001-910-265-1801,2025-05-17 08:36:44
105,Christopher Taylor,ybrooks@example.com,5e0e2ea2cc701b4b09764667a9d16d3d632ee4fdc1f9887e1f80d52ff035,patient,(261)282-5128x6823,2025-03-30 04:26:14
106,Julie Ball,opatel@example.org,bf869abb9ade38678a22f00be8487eca3a897930e708716c387ace287a26,admin,(543)310-6903,2025-12-11 04:36:55
107,Andrew Harper,sanchezbradley@example.com,dad15a83c6eb98cebdb87eaba819edca24f2158dfb0ed78e011e1e93b820,admin,702.584.3959,2025-07-04 13:39:18
108,Charles Keller,roberthill@example.net,a7be7f53514fe18a04b622baa2657665b0fe411ba24d95c09fcbb677cb38,admin,001-626-887-0568x566,2026-02-02 22:38:51
109,Joshua Allen,kevinzimmerman@example.com,39ff17af2fd4b2eb733f88ffcb8cc9d72274783fbc489396a5efba9af8f0,admin,+1-566-788-2634,2024-07-25 21:12:48
110,Tammy Boone,nicholsmaria@example.org,76dd04487a1aef674b61b15cfb9510aebd2ef83d5d41340aa40e35975a0a,admin,+1-599-501-3983x7354,2025-06-07 00:45:55
